날짜,제조업,음식료품,섬유의복,종이목재,화학,의약품,비금속광물,철강금속,기계,전기전자,의료정밀,운수장비,유통업,전기가스업,건설업,운수창고업,통신업,금융업,은행,증권,보험,서비스업
2000-01-01,1186.95,1140.02,355.4,381.45,797.7,964.28,500.98,1477.68,399.13,4250.02,785.91,282.71,287.89,961.33,101.24,726.69,809.01,328.16,160.37,2315.58,3397.18,760.89
2000-02-01,1051.13,1064.9,350.45,327.25,716.03,1264.12,411.56,1254.39,378.2,3704.27,870.82,217.45,240.64,811.02,77.23,673.5,753.98,253.12,112.39,1906.11,2812.4,952.39
2000-03-01,1196.83,1074.09,375.93,354.76,755.94,1201.82,435.58,1225.27,346.24,4655.3,747.86,226.72,265.52,898.48,74.7,733.95,703.72,213.12,104.76,1397.07,2451.53,810.17
2000-04-01,1017.99,911.25,313.76,305.77,624.65,997.37,411.75,998.09,279.67,4009.41,649.91,188.3,221.81,903.47,69.75,550.21,540.78,180.92,101.69,987.68,1947.97,655.84
2000-05-01,979.88,771.48,250.99,230.29,527.9,873.13,360.92,977.54,239.36,3971.4,521.46,200.83,187.06,842.2,62.24,433.71,643.54,185.72,103.74,1072.9,2118.68,630.57
2000-06-01,1119.46,1024.68,259.71,234.32,580.4,915.45,386.5,1079.77,247.72,4621.94,568.96,223.61,197.76,950.53,67.57,488.36,672.77,225.99,130.13,1254.83,2413.68,649.64
2000-07-01,966.63,887.04,248.88,222.84,531.98,834.53,399.98,1049.44,230.45,3766.44,454.09,225.17,204.63,889.33,55.54,451.72,526.17,207.58,118.2,1203.14,2077.67,543.46
2000-08-01,950.35,877.24,275.08,238.42,547.35,848.08,484,981.15,243.12,3629.65,434.82,235.52,188.59,898.21,61.2,442.78,479.94,209.31,119.1,1217.64,2249.02,521.86
2000-09-01,796.38,825.45,271.78,236.46,508.83,928.15,445.09,973.96,202.97,2801.28,345.2,206.96,162.37,808.58,51.18,370.68,466.88,204.99,121.08,1148.58,2230.48,447.31
2000-10-01,626.85,730.19,231.31,200.55,440.28,787.31,431.83,800.41,160.47,1985.64,242.2,191.4,134.05,708.7,38.26,301.79,437.71,175.18,111.98,839.68,1934.01,386.87
2000-11-01,648.82,684.5,238.4,190.6,424.06,858.18,419.97,857.06,166.76,2091.71,222.61,207.89,127.67,644.36,39.47,289.35,416,169.71,108.78,805.62,1991.8,373.94
2000-12-01,623.29,628.81,200.56,174.64,426.7,779.38,384.12,908.39,145.39,1957.68,188.29,200.08,120.24,663.83,40.85,310.66,443.42,162.38,103.19,800.92,1850.52,330.94
2001-01-01,788.13,641.3,250.03,195.92,481.81,933.41,458.9,1118.07,166.36,2708.62,296.94,242.98,157.45,721.8,56.24,375.97,484.02,224.62,126.37,1394.79,2568.07,434.97
2001-02-01,743.74,702.25,272.56,199.58,490.22,992.86,474.26,1183.5,187.16,2339.24,273.57,250.49,157.9,715.01,51.77,363.93,403.55,225.49,125.85,1433.57,2473.68,462.12
2001-03-01,738.59,638.62,248.46,181.2,462.23,912.12,429.96,1073.52,183.25,2419.97,237.18,258.94,142.18,573.93,39.4,298.59,346.42,175.15,99.25,1064.88,2108.67,394.16
2001-04-01,792.91,670.51,240.92,181.08,487.58,871.43,456.66,1142.03,201.46,2627.73,260.71,282.72,156.46,634.39,41.31,305.56,408.05,200.35,110.32,1275.3,2417.78,342.45
2001-05-01,850.11,780.25,299.64,199.67,567.09,1049.63,535.13,1211.75,275.6,2615.25,270.42,335.11,182.84,685.23,52.58,360.9,382.83,225.1,121.42,1460.19,2878.1,398.18
2001-06-01,831.12,775.52,292.92,198.6,571.02,1046.63,578.8,1199.04,317.58,2394.46,270.44,370.08,189.06,682.43,58.01,342.47,341.11,226.93,128.53,1330.78,3130.09,397.69
2001-07-01,735.11,689.09,268.89,174.47,497.89,977.46,468.4,1026.07,265.16,2196.04,214.13,306.33,169.71,589.66,46.52,304.49,358.21,204.44,120.01,1141.03,2743.73,332.52
2001-08-01,722.74,706.82,242.98,175.97,522.08,1010.4,451.42,1033.67,261.85,2145.21,190.21,280.41,161.99,637.64,54.92,297.5,366.49,207.74,121.93,1167.3,2764.09,332.3
2001-09-01,610.21,699.53,199.8,157.78,499.02,955.15,441.25,926.85,212.99,1632.11,150.47,245.28,148.96,592.08,54.39,242.78,329.2,191.55,114.69,1042.02,2542.4,315.59
2001-10-01,700.05,726.35,225.28,175.53,526.39,1048.47,480.67,1028.11,229.91,1982.82,172.88,282.94,158.57,582.75,52.57,253,374.26,217.08,133.34,1142.72,2959.52,363.99
2001-11-01,844.88,844.68,240.89,208,618.15,1118.99,544.66,1219.46,260.61,2537.16,202.82,326.26,196.76,649.07,64.31,333.41,409.3,282.13,159.41,1622.57,3988.37,420.22
2001-12-01,952.18,916.05,230.45,236.51,647.61,1102.85,551.19,1354.71,266.41,3089.59,242.06,329.93,211.43,615.94,64.57,344.71,403.3,307.75,176.22,1738.91,4240.13,434.95
2002-01-01,1049.91,1106.75,274.04,270.32,718.32,1191.44,717.66,1475.02,299.87,3388.27,317.53,365.53,247.38,611.79,70.29,485.17,382.62,342.94,203.82,1836.8,4724.88,501.71
2002-02-01,1180.35,1170.24,281.6,284.9,815.86,1191.36,748.94,1667.16,330.62,3830.79,343.63,428.33,280.06,620.66,72.6,614.89,421.65,356.4,207.92,2038.9,5080.92,550.32
2002-03-01,1309.74,1314.03,306.95,339.58,917.37,1399.04,923.67,1653.41,386.27,4254.39,345.2,497.92,333.08,696,73.21,698.04,462.25,364.25,210.96,2052.17,5850.63,650.34
2002-04-01,1262.94,1227.54,288.68,273.66,828.9,1218.74,752.56,1500.9,338.26,4245.82,276.94,497.97,301.26,682.23,58.91,676.43,413.54,344.15,210.97,1650.76,6309.3,425.42
2002-05-01,1157,1203.81,306.32,267.84,790.86,1096.35,686.94,1578.46,308.44,3821.34,245.35,416.56,261.11,699.11,54.2,612.81,416.93,339.71,222.64,1517.51,5496.05,376.68
2002-06-01,1091.53,1146.33,209.08,244.47,764.12,1034.46,643.33,1537.79,284.85,3581.01,216.83,401.28,261.93,621.4,51.84,525.71,396.59,303.38,205.54,1321.85,5197.05,373.31
2002-07-01,1066.44,1153.57,204.67,251.44,731.34,981.79,636.51,1385.1,261.93,3597.59,244.63,374.61,252.59,610.25,55.08,567.05,347.88,298.9,194.78,1358.68,5510.36,351.94
2002-08-01,1069.36,1121.56,193.15,264.18,742.96,1046.57,639.53,1284.82,269.3,3644.7,254.77,378.38,264.04,609.3,60.72,525.44,387.66,311.25,202.87,1484.69,5645.7,312.74
2002-09-01,936.58,1044.7,155.86,229.7,629.35,985.18,627.55,1234.31,226.65,3164.65,208.6,310.01,229.7,599.73,49.28,370.09,386.69,249.3,166.08,1184.45,4816.28,254.57
2002-10-01,1015.16,949.44,169.43,231.16,655.89,955.06,598.76,1314.32,238.6,3566.93,226.22,338.37,215.06,549.9,47.27,443.5,362.18,240.06,154.05,1270.53,4996.52,249.23
2002-11-01,1124.5,1030.8,168.46,244.58,713.79,965.12,641.45,1437.76,255.22,4022.47,242.44,379.75,234.74,588.74,52.57,500.29,390.89,263.49,169.01,1370.71,5097.21,284.69
2002-12-01,949.97,884.43,132.77,185.5,642.73,884.41,573.03,1342.13,223.86,3264.61,224.05,320.79,190.25,544.96,44.87,400.58,366.83,229.35,152.12,1139.4,4382.43,252.14
2003-01-01,901.01,865.81,111.94,182.91,634.78,835.4,550.01,1314.66,205.63,3030.72,224.4,304.55,186.33,533.64,42.24,416.77,312.17,222.95,147.44,1017.1,4069.34,246.79
2003-02-01,880.6,823.61,116.22,174.48,613.95,871.51,572.88,1244.55,210.11,2945.31,217.52,308.19,182.91,544.95,44.46,442.7,286.79,214.85,139.34,1038.66,3918.62,245.02
2003-03-01,853.38,800.41,95.57,161,570.31,892.16,566.18,1122.26,209.61,2925.29,205.89,294.71,154.24,548.68,46.14,349.62,274.5,170.59,108.86,867.97,3463.67,236.5
2003-04-01,936.41,927.08,94.82,168.64,649.28,1008.17,661.06,1193.64,247.6,3120.11,233.62,348.38,167.28,614.9,54.87,432.16,309.99,199.59,128.59,998.09,4136.97,278.68
2003-05-01,998.55,1050.57,99.3,176.82,721.78,1114.09,713.85,1269.83,278.77,3275.26,253.31,365.15,189.68,607.54,62.31,511.14,317.6,209.81,128.95,1079.4,4561.75,281.52
2003-06-01,1078.66,1063.45,99.24,179.62,746.11,1120.15,744.09,1407.31,295.1,3662.06,291.59,380.85,196.04,582.28,59.96,540.09,331.42,219.75,134.41,1205.15,4253.88,298.37
2003-07-01,1188.18,1129.74,94.48,175.58,757.36,1237.18,778.34,1571.23,308.39,4201.01,321.94,404.41,208.51,577.16,58.13,524.75,324.19,230.82,142.18,1192.67,4269.86,307.3
2003-08-01,1266.7,1084.16,91.57,186.73,822.73,1205.81,923.94,1578.99,368.08,4470.2,365.01,461.61,215.22,586.68,62.12,676.15,321.74,258.18,163.25,1281.96,4784.23,313.83
2003-09-01,1142.88,1042.28,85.18,177.83,755.09,1110.43,810.58,1490.99,326.69,3984.7,295.01,400.37,195.87,649.43,61.08,629.51,307.48,227.15,146.04,1019.2,4557.68,315.02
2003-10-01,1315.14,1192.9,80.37,171.84,872.41,1132.29,852.44,1583.45,376.67,4675.69,300.19,478.14,214.31,681.66,58.96,821.19,334.93,247.65,170.22,1041.73,4875.43,339.59
2003-11-01,1351.64,1211.77,86.77,188.49,930.53,1122.95,836.61,1669.69,399.35,4599.3,382.29,548.84,220,739.71,61.5,906.05,319.79,247.59,172.62,1033.65,4856.92,329.01
2003-12-01,1387.78,1266.36,90.2,194.75,994.42,1186.47,865.57,1887.98,430.31,4520.71,422.48,585.44,247.6,634.53,66.75,977.33,318.63,251.25,179.69,1001.21,4999.03,334.97
2004-01-01,1481.36,1301.41,87.67,181.95,1030.53,1181.26,850.49,1788.47,404.42,5205.42,393.51,564.59,224.08,604.6,63.13,972.18,335,263.87,191.01,1069.3,5300.97,355.96
2004-02-01,1534.92,1273.45,87.14,204.97,1116.18,1269.49,832.06,1963.28,439.56,5379.51,350.31,548.98,223.29,621.45,65.84,944.13,349.87,284.4,203.09,1121.27,5538.77,368.91
2004-03-01,1566.62,1258.5,82.87,206.01,1110.9,1241.57,807.16,1851.05,444.92,5685,350.07,548.83,216.23,611.06,65.94,888.41,325.26,270.62,187.51,1064.5,5818.82,389.92
2004-04-01,1523.14,1334.9,83.46,189.07,1139.42,1277.78,835.93,1674.74,400.92,5533.12,329.7,499.54,253.01,603.3,66.44,802.05,307.35,260.67,182.69,996.81,5895.44,417.7
2004-05-01,1400.71,1218.45,75.89,169.21,1091.5,1146.92,736.18,1586.8,359.56,5006.79,299.32,472.46,265.51,585.04,59.31,774.69,298.39,237.73,171.75,844.79,5455.42,400.59
2004-06-01,1374.85,1275.49,74.56,156.53,1078.78,1205.01,726.2,1673,362.69,4720.33,274.08,495.24,240.02,593.78,57.94,841.49,294.03,226.36,160.42,810.42,5339.12,411.85
2004-07-01,1283.64,1191.67,70.23,160.66,1087.66,1207.94,730.8,1772.24,356.03,4111.47,254.6,474.2,221.31,612.71,55.09,810.56,261.03,211.74,151.11,751.07,4787.14,397.9
2004-08-01,1376.19,1230.37,72.56,175.77,1116.07,1273.61,783.18,1883.39,402.21,4448.08,292.63,522.77,244.77,633.54,68.51,967.92,271.87,259.15,171.6,830.98,5039.28,383.38
2004-09-01,1452.16,1360.78,76.68,186.46,1236.47,1380.19,877.26,1988.77,435.84,4559.69,267.73,570.19,244.27,676.32,73.9,922.12,276.78,257.38,171.29,844.21,4944.74,406.42
2004-10-01,1423.38,1308.89,72.23,195.09,1257.94,1394.27,835.56,1953.21,422.73,4368.63,227.31,581.86,239.45,714.66,85.53,1066.4,277.16,263.57,177.25,819.08,5044.05,406.32
2004-11-01,1483.92,1408.52,72.78,209.8,1370.98,1628.56,925.91,2322.1,462.09,4394.35,236.15,566.05,237.57,791.47,85.94,1209.56,314.51,277.25,187.3,839.06,5816.42,415.11
2004-12-01,1510.51,1492.57,70.47,215.01,1343.97,1594.97,913.49,2220.56,432.03,4573.91,256.45,600.26,240.05,800.29,92.29,1178.31,316.08,288.45,187.55,1017.89,6023.95,418
2005-01-01,1619.18,1533.89,78.18,238.63,1345.6,1749.43,977.1,2245.57,461.16,5020.31,292.46,673.54,248.01,819.5,101.41,1160.66,299.47,284.81,200.06,1138.29,6017.37,430.04
2005-02-01,1769.11,1646.74,89.12,271.63,1531.19,1922.67,978.03,2818.6,499.16,5362.5,353.27,703.15,274.62,821.8,109.85,1430.75,303.49,308.17,209.32,1359.52,6571.63,487.38
2005-03-01,1686.69,1665.17,90.36,257.22,1519.38,1790.5,958.01,2483.82,497.54,5024.05,306.24,692.76,270.52,787.06,103.37,1352.97,285.02,293.21,203.19,1188.23,6131.05,483.65
2005-04-01,1568.91,1626.85,92,228.06,1388.06,1751.31,835.82,2208.16,450.09,4649.67,277.55,661.52,252.85,848.01,106.47,1268.48,277.81,272.91,192,1033.51,5579.5,452.13
2005-05-01,1674.63,1660.67,91.26,242.6,1416.89,1921.54,868.43,2237.83,483.18,5116.03,321.62,709.99,268.18,872.15,109.41,1258.48,303.43,291.76,200.76,1194.92,6132.42,483.44
2005-06-01,1718.95,1732.02,96.4,253.32,1526.33,2511.69,987.08,2249.9,554.12,5060.05,361.13,718.11,267.52,928.24,127.66,1286.73,306.68,315.7,214.76,1365.4,7091.99,497.97
2005-07-01,1881.01,1795.42,105.76,282.22,1520.59,2453.77,1057.95,2526.83,594.89,5690.34,398.92,821.73,294.78,1031.32,143.15,1376.97,329.23,364.59,247.14,1599.25,7811.52,520.37
2005-08-01,1863.4,1722.94,97.48,270.34,1546.19,2441.28,1143.46,2624.25,579.68,5462.32,408.88,838.52,287.15,952.05,137.68,1224.67,306.88,353.88,242.08,1478.87,8419.01,493.29
2005-09-01,2062.71,2016.43,121.07,310.67,1722.93,2959.08,1235.83,2963.39,667.9,5840.72,426.62,982.17,325.38,1054.99,161.88,1400.97,333.99,427.16,284.56,1930.98,9859.06,552.71
2005-10-01,1936.36,1983.89,134.48,333.41,1614.01,2997.69,1000.08,2707.79,699.96,5435.06,457.25,909.15,317.41,1020.88,160.77,1313.1,309.33,409.49,270.86,1778.01,9018.98,545.22
2005-11-01,2140.48,2301.65,155.97,376.21,1708.03,3773.51,1054.12,2657.15,827.75,6044.83,533.61,1042.11,361.1,1038.4,192.11,1497.13,316.7,496.87,320.13,2453.32,10471.31,596.89
2005-12-01,2273.7,2322.15,166.75,385.82,1683.66,3481.03,985.25,2574.26,928.12,6761.03,538.74,1126.54,400.72,1109.76,198.61,1629.29,305.96,543.13,351.36,2949.3,12366.35,614.85
2006-01-01,2324.44,2370.65,179.63,352.96,1727.83,3338.67,926.08,2835.65,872.38,7212.92,643.64,1008.87,431.02,1187.78,193.01,1609.89,307.22,533.63,352.21,2755.12,11842.5,618.61
2006-02-01,2278.8,2461.8,178.5,322.34,1712.14,3443.74,974.47,2939.14,862.82,6770.61,723.85,1008.3,403.96,1198.33,191.74,1623.6,318.39,514.39,340.75,2699.95,11530.57,599.71
2006-03-01,2227.82,2425.7,179.2,326.03,1788.28,3418.76,973.64,3125.99,879.77,6277.56,711.91,1015.29,388.37,1173.42,204.91,1458.16,313.06,532.23,366.57,2422.35,11447.05,605.24
2006-04-01,2276.44,2457.77,180.82,338.55,1792.78,3363.4,991.68,3344.38,889.79,6393.45,812.24,1052.71,413.37,1213.02,236.75,1589.97,356.87,560.46,370.33,2701.43,12459.47,625.24
2006-05-01,2120.88,2274.88,170.12,296.56,1649.31,3092.21,889.16,3129.11,796.92,6001.42,767.32,964.78,371.43,1134.67,205.91,1562,358.68,513.11,337.32,2327.39,12530.52,576.54
2006-06-01,2087.32,2157.11,169.19,285.49,1551.35,2880.72,843.92,3136.43,831.19,5815.87,674,1029.1,434.5,1031.31,184.81,1537.28,330.71,502.74,336.9,2223.64,11894.19,551.33
2006-07-01,2074.88,2149.66,158.99,291.73,1573.95,2860.57,789.95,2938.36,836.7,5826.93,795.11,1008.48,409.9,1053.62,200.47,1362.78,325.32,523.15,359.63,2215.67,11484.13,552.91
2006-08-01,2209.62,2150.47,160.31,310.81,1625.94,3147.49,820.2,3061.43,871.16,6367.33,854.65,1077.43,436.37,1083.18,206.85,1460,324.56,520.58,340.59,2473.5,12105.06,568.84
2006-09-01,2252.23,2265.44,165.38,321.44,1683.96,3122.58,838.88,3103.94,949.72,6358.08,976.28,1117.3,422.62,1093.37,211.78,1536.96,336.31,521.2,331.06,2409.99,12726.17,586.96
2006-10-01,2200.02,2259,166.75,326.44,1744.5,3227.27,859.52,3285.19,909.72,5897.41,934.22,1110.71,436.03,1078.23,231.91,1532.93,342.83,524.97,335.32,2380.4,12585.82,581.62
2006-11-01,2284.36,2379.51,183.52,353.55,1858.93,3613.03,965.94,3637.39,980.86,6075.17,919.97,1073.13,467.34,1160.62,259.23,1755.45,368.73,542.93,334.55,2597.63,12973.64,612.83
2006-12-01,2263.96,2484.6,189.97,343.09,1921.09,3687.61,958.93,3766.81,1034.02,5885.39,862.18,1027.13,477.24,1244.28,248.09,1707.46,366.5,556.53,338.97,2570.95,13744.22,606.98
2007-01-01,2145.73,2333.44,179.28,329.33,1831.68,3242.9,859.98,3829.97,983.64,5448.79,727.32,990.88,434.92,1229.85,222.52,1584.53,330.97,542.49,335.71,2244.19,13578.94,588.9
2007-02-01,2230.75,2256.17,178.09,344.18,1924.61,3332.95,885.93,4078.23,1055.95,5505.18,869.67,1095.76,434.91,1163.25,242.02,1685.61,327.52,593.11,373.9,2535.82,14472.29,599.59
2007-03-01,2344.88,2335.82,185.9,374.8,2054.18,3381.57,963.95,4529.84,1224.24,5573.75,901.73,1161.38,443.29,1114.69,242,1855.19,326.73,582.11,383.75,2464.39,14135.98,618.23
2007-04-01,2502.55,2502.75,206.3,389.37,2335.31,3387.42,1070.32,4728.38,1471.43,5728.26,935.79,1249.66,483.78,1135.78,277.73,2190.14,334.89,593.7,379.29,2771.94,14515.04,674.4
2007-05-01,2756.82,2670.09,223.18,447.64,2646.94,4108.79,1229.96,5524.09,1839.94,5560.13,1296.86,1548.96,545.26,1245.46,356.11,2904.82,343.7,619.35,377.05,3279.61,15332.93,766.14
2007-06-01,2885.73,2776.41,228.19,438.95,2796.12,4219.01,1313.88,5423.24,1734.41,5954.28,1209.21,1698.93,511.68,1285.17,339.74,2647.76,352.31,636.11,367.06,3830.47,16878.25,796.31
2007-07-01,3212.42,3084.55,258.35,471.11,3073.26,4853.46,1382.55,6628.94,1970.74,6464.02,1431.54,1869.23,567.65,1380.87,394.95,3537.85,350.28,702,382.36,4714.93,18827.38,838.55
2007-08-01,3138.38,2961.24,248.47,464.11,3012.26,4887.95,1361.25,6998.47,1840.64,6169.65,1651.5,1781.11,551.52,1321.59,393.75,3434.04,354.03,650.74,369.71,4199.07,18658.99,826.24
2007-09-01,3295.46,2932.33,242.99,489.56,3283.79,4759.21,1399.88,7904.44,1905.18,6225.94,1692.62,1887.34,576.35,1356.15,404.01,3506.13,368.07,645.53,366.69,3999.58,19326.75,919.54
2007-10-01,3452.09,3233.27,238.24,422.37,3725.1,4662.39,1317.4,7702.81,2526.01,6176.97,1345.23,2032.13,642.48,1286.9,444.31,4379.89,361.65,684.08,352.26,4676.02,25294.5,1029.08
2007-11-01,3208.71,2955.29,224.94,418.67,3307.17,4668.96,1225.63,6913.44,2202.81,6175.29,1136.61,1820.89,579.16,1276.55,387.76,3804.67,400,609.13,322.91,4015.8,21909.01,937.06
2007-12-01,3119.6,2901.99,217.37,412.11,3130.27,4786.74,1255.89,6799.17,1992.67,6061.74,1053.64,1775.01,589.08,1276.55,399.88,3483.02,395.68,658.86,337.64,4561.42,24539.56,899.11
2008-01-01,2714.6,2549.59,188.68,357.94,2463.97,4312.55,1122.64,5926.62,1522.84,5998.47,1118.82,1343.37,470.56,1258.65,296.5,2852.3,365.83,557.07,309.18,3399.27,18246.35,747.41
2008-02-01,2917.51,2631.49,187.69,362.05,2842.16,4511.58,1152.48,6343.52,2043.48,5971.23,1198.64,1526.21,490.32,1134.08,355.16,3164.06,330.79,559.2,292.61,3675.25,18389.07,821.8
2008-03-01,2939.84,2464.98,186.01,347.49,2642.91,4445.47,1090.01,5743.56,1996.82,6611.91,1318.89,1556.36,505.77,1050.92,341.74,3073.37,337.31,548.06,280.97,3542.83,18943.51,788.44
2008-04-01,3137.59,2570.32,198.58,378.76,2877.58,4798.67,1091.15,6043.03,1798.86,7301.94,1443.65,1628.24,535.16,1161.84,337.57,3208.97,347.02,616.12,348.44,3665.47,19825.87,846.76
2008-05-01,3273.2,2701.87,200.83,386.68,2926.39,4484.67,1066.24,6760.44,2010.16,7495.42,1485.17,1698.83,529.21,1161.78,332,3168.3,350.84,586.62,330.09,3380.92,20924.76,857.61
2008-06-01,2941.58,2651.89,191.29,369.76,2728.9,4422.05,1001.01,6610.43,1713.95,6394.41,1140.6,1474.94,477.15,1084.06,291.8,2899.63,330.43,538.64,309.74,2948.25,20465.98,766.11
2008-07-01,2798.61,2510.1,185.08,340.32,2725.34,4122.99,947.84,6513.98,1664.56,5675.39,905.49,1476.38,453.17,1123.4,257.43,2814.24,327.2,508.08,290.42,2834.25,18719.43,729.48
2008-08-01,2507.7,2381.23,172.31,335.53,2453.08,3919.3,894.12,5562.05,1330.02,5234.11,786.5,1274.32,423.71,1142.75,213.19,2620.5,345.9,498.8,296.18,2590.3,17646.81,673.35
2008-09-01,2528.2,2169.39,159.4,322.99,2506.27,3624.57,827.66,5280.89,1368.6,5450.93,654.78,1322.81,413.47,1042.02,228.41,2529.85,345.3,455.63,261.12,2776.22,17672.17,640.27
2008-10-01,2004.68,1765.64,110.32,231.64,1862.35,2724.99,548.45,4039.21,883.51,4960.22,648.5,891.63,286.06,849.18,153.21,1925.18,314.18,311.79,169.36,1949.47,12602.16,493.39
2008-11-01,1876.49,1830.82,112.45,216.26,1859.51,3170.54,531.95,3877.01,871.07,4405.57,711.17,774.01,287.33,928.03,143.73,1878.79,333.2,312.58,169.47,1868.17,14065.01,474.58
2008-12-01,1940.65,2023.66,117.95,234.39,1965.19,3396.58,611.13,4328.58,995.37,4165.92,686.97,852.98,311.65,976.97,164.62,1992.21,338.65,322.91,164.77,2083.88,14168.88,515.94
2009-01-01,2035.98,1872.43,118.21,220.56,2019.07,3357.77,592.89,4196.24,1082.78,4548.96,693.06,950.41,311.18,918.08,172.02,1952.48,336.11,342.31,177.65,2373.55,12739.96,520.9
2009-02-01,1926.16,1721.79,108.07,213.17,1920.1,3485.09,562.11,3722.34,955.69,4458.09,621.04,881.66,270.81,779.29,148.76,1723.34,310.41,285.7,136.96,2013.64,12218.13,495.59
2009-03-01,2212.82,1814.9,123.01,232.54,2130.53,3826.74,634.27,4359.07,1107.72,5341.71,1047.53,989.3,309.67,814.66,177.41,1894.51,316.67,323.27,156.86,2441.81,13254.79,575.31
2009-04-01,2504.95,2034.66,151.36,265.32,2477.65,4027.35,796.46,4892.09,1365.29,5833.43,1325.28,1197.91,364.4,891.48,202.73,2076.83,309.74,387.82,188.34,2838.03,15285.92,667.52
2009-05-01,2513.05,2053.96,160.8,285.96,2545.76,3683.84,724.8,5166.9,1274.61,5713.14,1840.36,1199.79,380.48,907.9,207.24,2173.14,288.11,412.04,222.27,2877.02,15455.8,719.47
2009-06-01,2511.77,2014.48,158.68,276.98,2498.09,3784.08,698.73,5160.69,1103.27,5944.11,1673.75,1165.21,386.18,946.08,196.58,2048.26,290.08,415.86,246.56,2722.86,16064.81,683.61
2009-07-01,2824.34,2117.89,176.73,307.24,2600.39,3952.97,770.42,6004.72,1212,6994.04,1528.54,1329.83,408.1,1051.43,213.57,2160.6,310.77,505.53,306.74,3210.68,17666.16,698.19
2009-08-01,2946.05,2093.69,170.47,311.51,2752.78,4200.99,794.56,5716.9,1173.33,7665.18,1706.98,1358.76,412.68,1001.06,219.21,2221.52,296.85,499.77,293.54,3077.89,19433.84,708.48
2009-09-01,3054.03,2284.67,169.67,297.07,2972.31,4054.4,823.18,5976.24,1183.41,7793.62,2032.78,1403.57,446.62,1123.82,218.95,2288.55,310.19,543.23,339.46,2876.22,20288.05,753
2009-10-01,2862.02,2268.04,170.72,281.47,2741.92,4150.48,744.9,6118.98,1132.87,6963.01,2000.16,1335.97,425.06,1065.87,216.87,2133.07,305.85,519.71,341.37,2543.14,19299.77,701.6
2009-11-01,2835.05,2318.23,160.93,265.52,2802.05,3770.27,713.38,6574.15,1042.42,6872.01,1998.7,1232.61,422.9,1005.36,217.04,2140.94,291.5,500.52,332.39,2492.84,17823.79,699.62
2009-12-01,3157.55,2375.77,174.7,281.62,3001.71,3976.05,780.19,7226.7,1274.31,7816.18,1965.51,1438.47,443.35,1058.34,226.67,2264.61,293.67,509.13,345.41,2685.44,17596.43,759.77
2010-01-01,2975.32,2251.79,161.71,258.59,2759.62,3687.61,702.77,6374.34,1277.27,7525.16,1720.5,1379.8,424.11,1171.58,203.51,2260.06,336.25,472.2,312.94,2533.69,16955.07,715.4
2010-02-01,2964.05,2209.87,165.9,278.6,2837.58,3679.1,688.11,6405.09,1342.91,7175.52,1684.44,1449.18,434.75,1133.93,195.26,2331.78,306.59,467.43,309.4,2507.99,16905.4,738.86
2010-03-01,3176.14,2312.44,175.95,284.64,2998.92,3719.07,729.33,6476.22,1439.23,7986.21,1895.78,1550.64,446.76,1110.56,202.44,2566.2,313.15,499.06,332.4,2556.45,16857,782.07
2010-04-01,3333.15,2306.32,172.67,299.8,3206.63,3500.58,707.89,6287.72,1401.36,8494.63,1978.57,1736.07,425.69,1034.83,182.2,2694.31,321.75,516.74,339.65,2540.27,18077.1,785.34
2010-05-01,3166.8,2341.78,169.92,291.47,3098.53,3329.74,615.65,5941.99,1237.59,7847.03,1854.81,1715.14,410.6,1003.86,164.41,2658.49,301.11,462.65,307.84,2288.76,16225.28,757.43
2010-06-01,3271.74,2436.02,181.33,302.46,3432.02,3534.59,651.93,6004.7,1295.64,7831.71,1944.85,1787.44,433.07,971.75,179.78,3045.86,297.6,471.44,315.83,2348.49,16675.93,800.15
2010-07-01,3370.36,2471.99,185.37,305.75,3602.69,3488.86,650.02,6388.45,1351.65,7908.25,1895.89,1860.13,458.97,1017.41,184.57,2893.95,297.92,498.52,327.76,2611.28,17408.55,846.86
2010-08-01,3346.82,2385.82,190.02,289.21,3921.11,3719.28,685.62,6449.96,1262.15,7386.26,1618.32,1865.97,467,915.75,189.09,2910.22,294.01,474.63,319.96,2516.4,16547.21,890.51
2010-09-01,3622.9,2540,195.74,300.26,4178.66,3889.62,769.12,7002.83,1524.24,7665.12,1713.05,2167.49,524.45,943.37,207.6,3284.86,306.76,488.41,346.8,2802,16292.19,963.7
2010-10-01,3667,2451.67,202.99,311,4242.5,3681.22,798.42,6429,1652.38,7492.54,1777.8,2417.87,511.37,950.12,218.21,3094.88,302.03,486.81,347.07,2785.88,16296.58,970.61
2010-11-01,3757.19,2466.33,197.56,289.54,4395.97,3520.46,778.83,6416.65,1489.15,8017.12,1811.68,2432.38,516.66,893.45,213.58,3157.75,307.12,486.95,324.07,2625.29,15724.08,948.91
2010-12-01,4062.32,2531.42,201.46,304.13,4657.74,3794.35,821.96,6896.96,1654.23,8845.24,1794.83,2631.41,544.63,970.95,229.22,3113.33,308.86,543.85,355.99,3075.65,17225.33,988.04
2011-01-01,4187.77,2452.03,201.73,302.06,5108.11,3479.59,815.49,6811.6,1547.42,9102.16,1802.45,2726.19,522.66,903.25,246.05,3135.78,285.95,526.1,324.97,2969.49,17553.92,985.68
2011-02-01,3951.28,2376.33,193.58,263.26,4628.65,3358.24,776.28,6800.26,1357.92,8605.42,1643.27,2606.84,474.76,864.45,201.12,2775.29,272.69,504.46,310.42,2658.3,17437.41,904.73
2011-03-01,4364.06,2617.26,206.62,278.51,5575.02,3531.11,829.39,7534.52,1501.18,8674.83,1784.3,3030.97,516.01,850.4,216.85,2957.34,275.34,526.74,343.22,2684.69,17920.19,991.04
2011-04-01,4603.2,2771.47,216.75,280.13,6148.63,3474.97,835.94,7388.59,1436.93,8585.7,1668.38,3452.65,541.75,812.85,226.64,2800.97,275.13,525.08,351.5,2784.78,17124.7,1056.98
2011-05-01,4527.85,2824.6,231.77,251.52,6158.12,3284.24,814.32,6962.4,1333.91,8360.13,1552.9,3441.61,558.57,922.71,206.51,2732.28,266.67,482.48,332.79,2402.93,16047.38,1047.56
2011-06-01,4361.97,2859.93,237.98,259.93,5905,3441.93,815.46,7335.81,1362.39,7603.65,1462.07,3342.85,556.03,886.07,221.74,2833.79,276.41,499.72,332.87,2402.72,17739.93,1007.46
2011-07-01,4391.42,3181.74,254.63,278.7,5992.43,4071.2,835.29,7481.65,1509.55,7606.58,1634.67,3240.53,584.52,819.57,229.77,2881.16,258.64,508.61,324.16,2496.76,17793.29,1080.02
2011-08-01,3803.64,3087.71,246.01,279,5041.36,3598.41,754.05,6624.13,1275.52,6486.63,1389.37,2808,559.56,734.6,197.06,2700.2,255.96,446.35,283.25,2094.35,16186.1,971.06
2011-09-01,3638.24,2727.13,208.26,229.78,4328.78,3324.24,602.02,5742.89,1202.81,7000.42,1106.11,2713.08,514.75,684.18,167.15,2274.66,256.64,410.77,248.42,1713.46,15861.77,907.26
2011-10-01,3959.09,2952.47,221.63,247.13,4758.35,3539.2,602.24,6129.8,1288.14,8002.55,1297.89,2831.04,521.9,804.15,184.13,2563.7,261.05,434.71,274.04,1874.46,16262.85,975.38
2011-11-01,3870.62,3008.13,222.8,240.16,4482.73,3342.76,616.45,5839.23,1251.61,8209.34,1230.41,2671.51,491.14,801.77,168.46,2391.68,260.31,411.15,267.95,1656.44,16238.32,941.28
2011-12-01,3866.52,3103.3,222.74,251.22,4369.45,3395.62,645.29,5754.16,1225.93,8496.53,1386.32,2581.73,490.69,825.58,175.64,2312.48,254.57,398.12,236.44,1697.49,15984.28,880.64
2012-01-01,4137.84,3122.05,236.89,257.49,4823.35,3585.65,669.5,6444.47,1287.66,9119.75,1265.77,2693.19,517.42,887.48,191.56,2539.6,243.5,435.59,245.36,2069.09,16162.63,944.87
2012-02-01,4334.59,3194.71,239.6,288.03,4909.28,3339.53,746.35,6683.49,1396.2,9845.67,1326.64,2807.91,528.6,807.84,203.14,2617.54,244,443.53,252.25,2141.06,16526.06,990.51
2012-03-01,4314.66,3219.19,229.18,272.16,4722.29,3308.52,726.85,6103.66,1284.04,10161.4,1213.34,2821.31,515.44,750.65,199.2,2623.46,238.32,451.54,266.8,2041.05,17194.44,954.65
2012-04-01,4367.87,3397.75,219.27,255.06,4196.16,3086.99,660.29,5881.36,1177.11,10725.4,1391.98,3026.08,504.51,735.26,177.12,2541.55,222.65,419.2,252,1801.66,16606.79,892.11
2012-05-01,4012.91,3300.4,192.85,242.6,4121.15,2951.88,583.64,5493.45,1091.97,9426.76,1055.1,2788.98,468.72,744.06,166.55,2312.64,205.61,403.35,241.28,1705.75,16099.7,845.74
2012-06-01,4005.25,3314.29,183.94,248.65,4167.3,3296.8,601.72,5593.37,1139.07,9411.57,1134.82,2700.29,461.4,819.95,162.61,2465.54,216.47,407.97,248.87,1692.37,15990.53,865.91
2012-07-01,4112.72,3187.09,174.59,259.15,4152.35,3359.19,590.33,5603.73,1156.98,9987.6,1173.92,2750.44,453.3,824.76,152.51,2442.93,243.61,394.07,246.88,1665.9,15583.89,892.77
2012-08-01,4089.73,3364.06,200.79,276.72,4259.12,3593.29,642.7,5743.93,1152.65,9588.51,1525.36,2732.7,479.87,853.11,157.2,2548.43,255.61,404.53,246.13,1703.11,16839.84,942.71
2012-09-01,4294.69,3572.1,207.63,292.67,4445.67,3925.06,663.24,5993.53,1164.27,10315.16,1547.64,2796.41,499.77,983.33,164.57,2591.78,257.28,422.7,247.49,1860.12,17238.92,974.03
2012-10-01,4087.7,3833.26,203.82,272.93,4171.04,4326.13,659.92,5496.37,999.59,10185.39,1755.58,2501.65,479.74,1008.96,148.98,2532.25,266.27,408.6,232.5,1683.99,17237.27,932.91
2012-11-01,4179.93,3832.46,209.38,285.77,4157.18,4136.87,648.78,5325.71,976.87,10834.95,1263.29,2516.68,480.06,986.95,148.67,2429.3,268.09,394.45,223.74,1692.43,16449.14,958.47
2012-12-01,4325.41,3896.71,211.37,277.92,4340.66,4105.26,655.83,5579.03,1052.03,11429.91,1197.38,2514.17,493.36,1063.83,155.13,2436.12,265.24,416.9,231.71,1842.06,16679.51,962.2
2013-01-01,4148.97,3954.15,198.51,298.32,4111.31,4370.16,747.27,5461.73,1039.26,10889.94,1586.41,2379.03,493.32,1089.09,157.4,2376.3,282.72,434.81,236.74,1883.28,17409.32,964.05
2013-02-01,4327.31,4158.99,212.84,303.94,4121.13,4531.24,763.48,5464.51,1018.81,11592.48,1561.04,2514.62,494.76,1115.62,154.03,2288,291.6,444.34,246.75,1945.46,17228.08,996.62
2013-03-01,4293.2,4222.37,227.83,340.68,3953.8,4739.09,761.52,5175.05,1055.52,11606.33,1832.92,2503.22,513.53,1067.06,153.49,2094.5,290.35,432.49,241.44,1872.17,16940.98,983.64
2013-04-01,4198.1,4519.91,244.61,391.85,3827.05,4902.18,747.56,5007.68,998.91,11620.51,1920.42,2279.26,502.64,1112.89,128.73,1920.29,313.95,421.62,233.53,1806.84,17163.13,977.36
2013-05-01,4289.98,4100.49,245.11,375.77,3903.65,4622.48,795.33,5119.67,1062.4,11804.37,1733.11,2439.16,488.52,941.22,145.95,1959,341.03,433.54,233.49,1870.68,17428.48,998.19
2013-06-01,3962.26,3707.84,225.73,348.17,3590.39,4215.3,727.45,4676.1,984.11,10449.54,1693.4,2472.63,465.67,921.52,131.81,1909.25,334.58,407.26,205.29,1670.32,17299.48,926.24
2013-07-01,4041.93,3855.91,227.65,340.74,3911.13,4825.8,735.81,5022.29,1036.83,10056.37,1867.25,2584.02,483.23,1007.23,133.55,1946.02,353.35,421.25,212.98,1667.45,17570.47,959.68
2013-08-01,4140.41,3588.17,210.92,322.59,3854.14,4392.41,723.83,5103.27,1055.37,10582.76,1790.44,2699.35,468.81,1033.9,130.57,1941.58,350.37,412.46,211.22,1540.31,17451.65,930.27
2013-09-01,4266.54,3812.58,226.83,331.01,4124.16,4638.52,776.72,5229.15,1132.86,10632.62,1883.01,2794.1,502.78,1034.87,140.61,2038.02,340.43,430,222.28,1630.61,17454.44,989.33
2013-10-01,4342.44,3805.82,232.7,348.59,4171.66,4539.91,774.51,5164.92,1090.29,11152.38,1827.34,2777,520.32,1016.28,137.23,1969.37,348,445.47,228.96,1629.95,17666,990.29
2013-11-01,4373.75,3725.31,245.01,343.45,4135.77,4419.02,784,5109.57,1005.94,11400.22,1829.39,2810.01,524.01,1111.95,134.82,1855.69,335.89,438.52,214.21,1566.32,18038.68,1030.5
2013-12-01,4204.21,3872.73,243.98,329.12,4149.54,4227.26,782.63,5180.48,962.83,10693.84,1789.69,2657.58,525.51,1178.16,129.71,1899.19,334.38,452.48,227.04,1518.14,18372.19,1047.2
2014-01-01,4040.89,3809.1,238.7,327.46,3927.01,4476.57,820.62,4882.35,972.82,10126.63,1957.47,2597.1,511.7,1183.73,126.42,1957.24,321.66,434.84,233.61,1489.19,17944.49,1011.76
2014-02-01,4123.43,3913.63,241.82,336.5,3962.88,4565.62,944.19,4693.67,970.81,10514.61,1944.47,2634.67,508.41,1237.45,138.16,1982.48,318.1,431.87,254.1,1496.45,17257.13,1062.21
2014-03-01,4152.48,3908.37,250.92,338,3923.78,4404.01,1025.96,4837.26,1032.24,10510.89,2139.46,2680.2,505.84,1203.58,137.82,1967.62,315.02,431.59,252.28,1509.73,17440.06,1064.3
2014-04-01,4095.94,4028.74,249.14,334.6,3914.82,4433.83,1038.55,4935.75,973.72,10648.2,2112.75,2456.3,506.95,1281.47,137.68,1926.1,320.92,421.74,237.91,1549.07,17096.33,1038.71
2014-05-01,4204.17,4155.19,258.35,336.2,3946.89,4346.21,1066.19,4918.05,987.67,11340.74,2179.51,2420.24,505.4,1253.15,131.82,1998.5,316.82,424.37,261.9,1518.84,17456.83,1054.94
2014-06-01,4173.9,4332.4,265.24,330.84,4099.72,4407.93,1165.47,5117.97,969.65,10852.81,1733.22,2403.57,521.14,1203.73,138.4,2020.68,330.09,429.65,252.83,1542.78,17381.45,1084.71
2014-07-01,4265.2,4430.25,268.45,337.83,4146.74,4273.73,1138.89,5581.5,973.36,10916.06,1727.21,2489.29,534.98,1355.87,153.6,2067.79,362.67,476.48,288.63,1866.18,18473.47,1078.82
2014-08-01,4142.74,4667.82,299.22,347.84,4098.5,4371.75,1250.19,5538.5,952.07,10262.92,1759.27,2428.58,562.52,1328.76,149.33,2325.92,381.72,490.2,329.09,1971.86,18701.68,1110.03
2014-09-01,3953.6,4774.29,329.86,357.79,4039.88,4693.72,1254.69,5388.87,891.5,9831.64,1890.82,2139.04,565.15,1465.93,143.96,2361.21,400.84,470.92,298.71,1851.98,18589.18,1144.96
2014-10-01,3854.01,4548.22,332.51,348.8,3776.43,4673.64,1267.72,5058.22,842.88,10116.3,1779.7,1960.32,526.29,1404.11,128.3,2246.74,370.72,480.67,293.11,1893.54,19676.4,1103.71
2014-11-01,3934.47,4455.14,314.52,325.24,3876.14,4547.01,1263.3,5053.14,823.55,10464.94,1723.79,2019.84,519.29,1410.89,122.93,2302.29,380.9,472.64,261.34,1927.2,20252.38,1098.68
2014-12-01,3873.57,4212.51,402.3,319.83,3694.01,4491.17,1339.04,4735.92,815.34,10583.95,1736.8,1917.14,489.38,1303.55,118.66,2423.58,369.59,441.4,244.62,1761.17,19319.87,1031.4
2015-01-01,3969.16,4544.54,358.46,332.98,4029.89,4611.43,1528.65,4671.15,827.63,10907.41,1710.76,1887.01,477.5,1298.25,125.9,2294.3,386.77,437.2,219.91,1871.81,18934.64,1067.13
2015-02-01,4045.28,4615.31,415.21,356.12,4264.92,4829.65,1619.31,4812.21,887.73,10857.65,1788.74,1879.52,499.77,1324.53,142.8,2336.22,385.27,433.69,231.8,2002.41,17565.22,1088.85
2015-03-01,4201.25,4991.14,395.58,405.41,4564.5,5843.16,1785.32,4712.92,869.33,11296.26,1915.24,1907.7,512.76,1348.55,147.99,2312.67,364.9,440.05,227.66,2315.67,17166.84,1110.26
2015-04-01,4335.93,5347.88,423.28,435.83,5049.17,6795.95,1786.7,5024.32,899.91,11048.71,1961.41,1975.26,537.44,1395.45,149.28,2348.63,384.07,480.67,255.1,2725.04,18741.6,1161.27
2015-05-01,4267.99,5571.72,482.42,445,5026.21,8009.12,1805.79,4954.95,849.58,10567.37,2382.15,1870.67,571.7,1411.51,143.21,2274.25,334.69,472.5,250.31,2420.33,19619.6,1216.39
2015-06-01,4136.6,5601.93,453.51,420.88,5214.79,9070.86,1821.44,4781.7,831.17,9952.15,2125.71,1712.02,573.43,1366.65,145.53,2035.7,338.81,460.31,241.89,2390.92,19386.61,1246.45
2015-07-01,3973.96,5736.31,442.59,443.41,5139.57,7991.02,1904.67,4299.52,798.49,9192.61,2348.79,1720.51,572.88,1482,143.66,1906.17,352.17,453.85,234.24,2232.97,19365.93,1247.2
2015-08-01,3796.05,5631.31,464.67,393.07,4777.48,7346.76,1742.29,4146.38,730.87,8645.71,2323.77,1713.91,581.56,1400.28,135.41,1881.35,340.06,426.29,223.7,1931.51,18145.46,1187.14
2015-09-01,3858.93,5587.73,398.65,396.79,5021.86,6999.91,1701.26,3881.55,737.23,8925.4,2430.71,1835.81,569.17,1422.84,133.04,2017.78,366.57,429.57,230.21,1894.71,18672.61,1175.55
2015-10-01,4102.56,5331.48,398.24,414.95,5070.01,7611.9,1579.87,3963.1,798.57,10185.96,2463.9,1877.53,535.04,1482.2,125.94,1863.54,339.19,451.23,239.37,1879.52,20386.8,1191.24
2015-11-01,4058.85,5507.7,386.74,385.04,5233.17,8713.78,1500.18,3770.32,851.7,9842.13,2452.03,1809.2,517.75,1409.69,117.68,1737.81,332.91,424.45,228.7,1792.83,19291.79,1208.51
2015-12-01,4023.15,5736.92,377.35,381.52,5346.66,8448.15,1494.8,3739.77,831.55,9599.38,2259.93,1785.09,493.56,1423.88,107.79,1733.11,311.19,417.68,212.78,1746.75,20032.26,1191.02
2016-01-01,3843.02,5943.88,380.9,356.79,5171.39,9407.28,1427.7,3689.95,796.62,8801.62,2185.84,1679.07,510.4,1478.45,119.5,1714.62,299.51,400.11,204.41,1560.58,19404.22,1195.18
2016-02-01,3888.82,5312.13,382.09,352.26,5152.38,8422.87,1476.01,4011.11,785.48,9113.7,2268.18,1739.52,504.82,1629.1,111.27,1652.81,329.57,398.32,205.03,1624.79,19393.72,1146.94
2016-03-01,4120.66,5114.18,377.55,374.43,5551.73,9019.46,1615.26,4316.21,820.89,9866.91,2436.11,1776.43,492.72,1668.98,120.76,1678.65,312.5,422.81,218.64,1724.45,20275.32,1158.47
2016-04-01,4081.57,5072.76,375.85,377.48,5452.16,9070.86,1706.42,4666.46,874.31,9440.88,2509.2,1780.39,493.11,1719.2,126.68,1658.58,313.13,424.62,229.32,1741.31,19406.99,1173.07
2016-05-01,4077.86,5080.92,345.21,370.53,5375.36,10067.43,1612.48,4081.67,907.14,9714.23,2466.27,1734,467.04,1739.51,114.27,1667.62,332.76,408.38,216.62,1629.86,18727.87,1198.66
2016-06-01,4171.32,4831.31,329.24,373.01,5349.04,10442.59,1623.53,4035.74,840.47,10493.26,2282.76,1692.24,457.03,1678.66,108.63,1587.39,317.38,391.59,209.54,1606.4,17686.38,1134.33
2016-07-01,4294.83,4699.5,315.36,398.69,5250.41,9682.74,1674.69,4370.8,928.26,11264.12,2370.18,1736.97,456.19,1708.72,117.13,1571.26,335.86,409.78,222.62,1779.84,17462.68,1118.11
2016-08-01,4328.11,4285.91,296.14,362.43,5171.96,9261.78,1463.45,4338.97,934.16,11726.93,2312.63,1779.68,469.73,1630.13,116.32,1650.86,328.84,416.73,227.2,1656.95,18072.82,1135.88
2016-09-01,4337.64,4453.64,310.02,369.2,5222.28,9246.37,1489.19,4307.48,933.91,11601.18,2397.43,1795.81,469.79,1540.4,117.8,1674.76,336.56,419.74,237.4,1631.97,18479.93,1159.85
2016-10-01,4241.92,4183.62,298.94,359.97,4987.87,7119.82,1424.12,4286.54,844.06,11789.32,2083.72,1781.49,476.87,1433.43,114.46,1589.44,335.76,443.79,260.68,1613.89,19329.12,1089.9
2016-11-01,4269.13,4270.55,286.61,355.88,4831.27,7321.45,1364.29,4480.9,809.95,12393.41,2022.12,1664.59,440.21,1356.75,105.54,1492.73,329.49,441.53,254.21,1539.46,19835.75,1047.98
2016-12-01,4449.94,4141.12,291.15,362.9,5113.99,7591.6,1341.9,4683.94,861.79,12926.3,2263.55,1757.54,437.79,1318.9,111.43,1429.54,326.53,435.06,259.45,1555.79,18792.4,1049.28
2017-01-01,4597.51,4156.8,277.49,371.87,5091.29,7229.07,1304.8,4868.26,822.25,14181.34,2081.31,1663.14,441.08,1270.57,109.47,1428.34,325.44,446.59,262.9,1737.86,18441.28,1037.5
2017-02-01,4614.94,4373.78,282.6,369.08,5155.26,7788.73,1343.82,4878.6,814.81,13748.83,1995.16,1781.6,452.19,1307.35,118.12,1528.25,342.12,449.18,261.76,1767.14,18158.87,1058.48
2017-03-01,4772.4,4310.67,281.8,364.8,5145.46,7810.91,1327.43,4907.92,835.81,14793.18,2210.83,1783.6,456.94,1362.64,120.23,1524.83,370.66,456.5,257.74,1823.31,18516.67,1109.88
2017-04-01,4886.2,4371.32,290.9,357.94,5127.33,7987.07,1305.46,4626.61,819.53,15823.64,2323.65,1699.03,469.58,1343.59,121.12,1515.82,361.47,471.92,281.87,1859.42,18929.97,1125.84
2017-05-01,5185.52,4818.24,312.24,362.2,5619.21,9268.12,1440.9,4870.82,879.71,16203.98,2413.55,1884.25,512.3,1299.98,127.87,1681.66,382.4,503.49,289.98,2029.62,20481.42,1213.94
2017-06-01,5346.93,4554.02,304.72,358.96,5450.91,10080.17,1351.75,5042.14,882.18,17462.65,2821.82,1820.99,499.58,1267.43,121.8,1699.85,390.5,524.61,335.91,2245.93,20176.35,1197.42
2017-07-01,5335.85,4469.83,304.78,334.94,5650.26,9596.4,1357.94,5507.77,873.81,17369.26,2938.55,1723.5,480.28,1344.95,121.8,1658.72,411.54,543.93,353.92,2179.83,21791.34,1176.52
2017-08-01,5315.28,4428.05,296.83,327.21,5842.06,9841.25,1299.77,5571.9,888,17188.85,3158.21,1638.91,449.95,1288.94,110.54,1645.11,367.35,533.58,343.17,2047.26,20997.02,1157.47
2017-09-01,5515.26,4240.81,281.13,310.72,5698.48,10693.9,1185.46,5130.18,892.99,18876.18,2962.24,1636.64,434.44,1181.62,105.23,1537.02,361.03,523.02,329.59,1942.63,20500.33,1179.22
2017-10-01,5837.07,4431.02,287.26,308.18,5994.89,11528.94,1294.92,5290.53,916.17,19963.43,2955.13,1795.13,466.12,1181.84,107.41,1522.98,367.05,542.56,322.29,1993.64,22212.26,1288.17
2017-11-01,5687.52,4441.53,306.32,309.13,6065.43,11656.16,1443.25,5344.4,911.32,18715.98,3120.61,1782.16,468.29,1157.11,102.08,1478.36,374.7,542.3,325.21,2046.52,21433.31,1248.22
2017-12-01,5648.76,4364.77,294.92,298.95,6071.54,12370.06,1352.51,5293.84,920.54,18795.89,3028.17,1643.03,455.45,1164.06,103.47,1406.03,377.91,540.29,325.34,1986.01,21138.28,1293.04
2018-01-01,5793.32,4519.07,307.05,337.45,6385.57,14179.41,1524.83,5783.55,999.13,18489.76,3058.88,1737.84,498.56,1135.9,113.87,1517.66,376.42,577.19,339.49,2402.75,22296.29,1362.9
2018-02-01,5565.65,4208.97,279.95,344.71,6074.11,14839.06,1369.28,5489.57,918.11,17588.77,3273.15,1671.57,456.76,1062.04,101.87,1461.37,342.15,540.16,341.29,2122.54,21048.96,1228.52
2018-03-01,5634,4273.76,285.77,374.29,6097.05,14672.94,1376.07,5067.77,930.8,18430.64,3416.17,1599.41,473.6,1061.96,107.74,1509.77,340.61,525.55,303.33,2075.89,19773.83,1267.3
2018-04-01,5836.45,4451.48,298.91,399.69,6187.08,13863.89,1695.15,5542.42,964.35,19472.1,3270.53,1651.21,489.91,1192.37,136.84,1607.39,338.14,529.81,331.24,2162.58,19671.63,1212.98
2018-05-01,5676.43,4436.98,307.39,452.77,5882.77,13284.62,2030.56,5227.38,978.42,19184.98,3644.32,1539.81,471.58,1105.54,145.69,1463.05,327.29,495.59,311.93,2126.55,18032.94,1159.61
2018-06-01,5389.21,4628.44,312.88,406.3,5792.04,13320.24,1686.87,4875.56,871.59,17805.32,3521.06,1430.69,459.65,1090.73,120.47,1341.21,347.48,481.59,320.42,1933.03,17805.02,1177.06
2018-07-01,5323.39,4332.49,298.93,385.94,5675.43,12281.44,1644.04,4898.49,855.53,17783.86,3279.09,1464.84,431.65,1099.88,120.04,1378.95,370.21,475.12,329.31,1810.88,17914.73,1147.92
2018-08-01,5449.32,4063.7,327.5,444,5625.06,13665.52,1796.92,4877.01,876.74,18317.4,3405.54,1475.03,429.76,1011.3,121.21,1325.65,385.19,468.03,316.5,1849.16,17178.26,1175.72
2018-09-01,5393.59,4077.32,320.06,437.57,5600.71,14878.96,1896.78,4713.97,925.36,17394.1,3420.39,1546.85,452.2,1010.99,125.98,1365.18,416.7,491.16,325.61,1915.34,18265.86,1176.32
2018-10-01,4629.03,3665.33,257.27,351.07,4646.56,10867.84,1495.08,3972.97,736.8,15784.05,2545.36,1294.28,378.12,919.84,97.27,1234.62,387.57,438.85,309.62,1587.19,17269.98,1017.88
2018-11-01,4716.47,3961.63,259.91,351.57,4887.66,11381.22,1674.1,4028.74,771.38,15678.44,2462.3,1336.19,394.82,981.8,109.17,1333.94,418.78,448.83,308.11,1767.51,16711.13,1127.99
2018-12-01,4579.62,3960.01,253.51,357.66,4874.93,11626.69,1661.05,4043.12,765.14,14447.02,2133.84,1420.4,393.5,1050.6,112.6,1341.29,397.99,434.35,300.61,1675.55,16303.29,1080
2019-01-01,5087.28,4047.11,267.78,384.2,5142.43,11773.39,1817.81,4450.89,848.14,16947.32,2603.78,1575.98,411.92,1107.88,121.54,1402.56,373.77,451.09,293.77,1833.75,16780.72,1135.15
2019-02-01,5037.85,4014.01,286.28,390.02,5275.01,11473.64,1747.23,4376.72,796.47,16675.95,2497.98,1546.37,415.66,1102.52,113.32,1435.11,375.12,453.81,291.58,1801.49,17463.2,1146.03
2019-03-01,4902.15,4050.36,312.5,386.45,5110.77,10302.94,1730.43,4213.82,753.79,16593.43,2533.59,1459.67,420.2,965.78,111.53,1312.44,365.61,442.16,293.58,1789.45,17090.5,1148.32
2019-04-01,5097.73,3991.86,318.99,397.01,5133.95,11127.72,1691.35,4246.97,791.51,17173.67,2901.13,1633.45,424.29,929.36,111.29,1487.28,356.33,451.03,295.79,1877.8,17160.48,1159.85
2019-05-01,4670.68,3645.13,292.8,381.55,4669.26,9951.76,1651.96,3969.08,737.95,15669.14,2494.93,1520.04,377.7,851.31,108.39,1447.12,358.04,427.92,289.39,1808.1,15579.44,1091.96
2019-06-01,4945.3,3740.9,298.43,391.83,4733.17,10349.47,1699.23,4145.27,765.3,17071.05,2743.19,1621.48,388,844.46,113.78,1363.13,368.47,438.51,293.51,1969.14,15468.15,1112.03
2019-07-01,4710.39,3450.11,285.99,343.65,4525.94,8937.99,1506.53,3815.12,716.77,16689.78,2514.59,1538.98,353.53,901.27,98.33,1283.44,350.47,407.35,274.7,1803.42,14388.27,1106.7
2019-08-01,4606.33,3251.38,266.49,364.67,4369.96,8538.84,1543,3638.72,709.21,16277.85,2581.63,1567.97,341.96,827.5,94.16,1290.76,342.16,379.8,259.04,1721.07,12879.06,1118.23
2019-09-01,4896.77,3453.54,285.42,348.74,4461.52,8978.69,1522.35,3778.3,744.99,17780.19,2580.41,1643.24,349.36,837.46,100.16,1265.6,347.23,391.95,275.5,1767.69,13150.57,1138.31
2019-10-01,4971.85,3410.15,282.12,338.47,4559.73,10792.64,1507.52,3508.32,698.16,18208.01,2528.62,1533.29,350.33,825.45,93.38,1280.08,339.66,390.7,246.57,1678.24,12886.06,1166.28
2019-11-01,4930.53,3431.14,287.74,330.44,4479.44,10229.68,1468.46,3605.86,673.26,18186.96,2307.66,1532.82,355.86,878.3,91.72,1298.96,348.64,401.5,245.59,1709.26,13464.64,1176.93
2019-12-01,5273.05,3480.12,289.14,330.11,4591.69,11031,1489.51,3693.15,701.59,20207.86,2460.99,1559.12,369.33,876.02,94.07,1330.05,345.69,409.49,246.62,1739.59,13698.26,1219.07
2020-01-01,5160.22,3295.05,259.04,352.95,4267.39,10902.3,1408.72,3395.63,649.76,20403.97,2201.92,1470.53,350.09,794.12,86.48,1250.76,329.3,372.14,224.73,1596.21,12249.88,1202.74
2020-02-01,4893.83,3178.68,232.81,320.97,4037.85,10565.78,1340.51,3147.69,608.82,19573.08,1916.99,1330.18,324.4,678.05,78.51,1226.31,310.52,334.07,198.91,1467.8,11085.54,1129.52
2020-03-01,4345.98,3050.78,197.62,270.8,3504.5,12262.83,1138.72,2618.24,485.03,17214.87,1690.48,1014.14,277.83,598.15,67.87,1097.06,257.67,282.08,156.58,1290.31,8740.77,1050.36
2020-04-01,4741.91,3580.69,234.95,321.52,4146.89,12996.52,1368.26,3011.6,563.26,18179.44,1926.34,1106.15,336.21,736.85,84,1263.23,310.3,315.05,165.83,1419.5,10438.3,1176.98
2020-05-01,4916.36,3829.5,244.44,315.86,4228.92,13662.77,1438.23,3049.62,607.97,18657.3,2186.3,1214.04,331.1,693.39,86.23,1335.23,314.12,322.52,173.58,1442.46,9876.75,1353.58
2020-06-01,5195.26,3991.31,232.35,295.91,4450.35,17125.94,1559.16,2872.64,620.66,19455.28,2210.42,1201.3,331.13,625.89,80.95,1275.22,302.92,325.06,169.21,1420.91,9503.05,1414.2
2020-07-01,5601.59,4151.47,222.92,304.87,4806.56,17331.91,1653.77,3247.79,721.31,21062.73,2405.32,1377.02,324.85,616.31,85.79,1322.88,308.17,327.8,169.9,1564.57,9806.15,1584.23
2020-08-01,5753.98,4206.7,251.55,312.71,5511.23,18913.09,1784.88,3150.69,828.57,20007.16,2150.94,1576.16,328.53,648.67,85.82,1355.57,334.42,344.88,169.38,1689.57,10929.66,1672.83
2020-09-01,5822.45,3962.3,245.83,321.13,5243.79,16893.67,1745.79,3172.73,801.2,21473.6,2268.23,1629.98,336.26,654.6,82.89,1398.33,321.57,337.54,167.76,1623.36,10919.65,1608.82
2020-10-01,5669.15,3632.83,243.69,330.36,5201.97,16231.37,1620.26,3305,793.76,20801.35,2305.02,1584.19,340.07,653.69,85.12,1482.71,296.4,339.14,171.17,1639.1,11067.19,1487.38
2020-11-01,6638.83,3785.52,248.76,418.97,6175.73,19761.92,1853.09,3620.72,952.04,24527.27,2523.46,1799.29,369.32,697.21,94.72,1738.56,326.59,375.54,194.74,1887.2,12033.64,1572.83
2020-12-01,7548.59,3940.15,254.64,392.31,6503.57,21085.04,2071.15,4112.28,972.02,29788.48,2795.33,1924.37,394.67,844.83,106.2,1755.95,325.16,392.51,185.12,1903.9,12660.89,1639.72
2021-01-01,7868.24,4006.58,267.45,393.32,7161.87,19286.05,2357.91,3908.33,960.55,30849.19,2740.77,2281.59,392.02,737.42,107.25,1862.49,331.28,390.76,166.82,1905.27,11596.24,1752.9
2021-02-01,7915.1,4065.58,314.22,408.53,7144.94,18113.52,2638.13,4292.5,926.88,31278.98,3012.3,2282.3,399.95,740.22,107.65,2007.86,339.83,397.98,177.24,1888.08,12416.04,1810.09
2021-03-01,7919.49,4209.34,315.45,451.73,7180.54,17813.7,2795.59,4808.85,1088.56,30724.75,3169.59,2282.76,411.58,756.58,118.68,2158.88,371.74,433.02,195.67,2060.36,13359.53,1825.75